branch,host,compiler,c_version,mpi,m_version,o_g,os,netcdf_c,netcdf_f,build,u_pass,u_fail,s_pass,s_fail,e_pass,e_fail,nuopc_pass,nuopc_fail,artifacts_hash,modified
jedwards_pio_update2,cheyenne,intel,18.0.5,intelmpi,2018.4.274,O,Linux,4.6.3,4.4.4,pass,13647,0,49,0,80,0,50,0,[artifacts](https://github.com/esmf-org/esmf-test-artifacts/tree/d46858b1b0acf3dfaf0881bce100024a0091cdfd/jedwards_pio_update2/cheyenne/intel/18.0.5/O/intelmpi/2018.4.274),2022-03-10 09:09:14.649356
jedwards_pio_update2,cheyenne,intel,18.0.5,intelmpi,2018.4.274,g,Linux,4.6.3,4.4.4,pass,13647,0,49,0,80,0,50,0,[artifacts](https://github.com/esmf-org/esmf-test-artifacts/tree/304e8d3051e5278f62637621c36692819b56f069/jedwards_pio_update2/cheyenne/intel/18.0.5/g/intelmpi/2018.4.274),2022-03-10 09:09:14.649366
jedwards_pio_update2,cheyenne,intel,18.0.5,mpiuni,none,O,Linux,4.8.1,4.5.3,pass,12121,0,8,0,43,0,0,50,[artifacts](https://github.com/esmf-org/esmf-test-artifacts/tree/77030e9fa419617944b1a341999bb62be41f70a8/jedwards_pio_update2/cheyenne/intel/18.0.5/O/mpiuni/none),2022-03-10 09:09:14.649325
jedwards_pio_update2,cheyenne,intel,18.0.5,mpiuni,none,g,Linux,4.8.1,4.5.3,pass,12121,0,8,0,43,0,0,50,[artifacts](https://github.com/esmf-org/esmf-test-artifacts/tree/50a55293996030abf0ea02b97637e9024a330282/jedwards_pio_update2/cheyenne/intel/18.0.5/g/mpiuni/none),2022-03-10 09:09:14.649361
jedwards_pio_update2,cheyenne,intel,18.0.5,mpt,2.19,O,Linux,4.6.3,4.4.4,pass,13647,0,49,0,80,0,0,50,[artifacts](https://github.com/esmf-org/esmf-test-artifacts/tree/b0622cd9770b109832aa4ab6639dec3924312a68/jedwards_pio_update2/cheyenne/intel/18.0.5/O/mpt/2.19),2022-03-10 09:09:14.649380
jedwards_pio_update2,cheyenne,intel,18.0.5,mpt,2.19,g,Linux,4.6.3,4.4.4,pass,13647,0,49,0,80,0,0,50,[artifacts](https://github.com/esmf-org/esmf-test-artifacts/tree/2c700afbedc9ab2479691008ae892dd213460cce/jedwards_pio_update2/cheyenne/intel/18.0.5/g/mpt/2.19),2022-03-10 09:09:14.649350
jedwards_pio_update2,cheyenne,intel,18.0.5,openmpi,3.1.4,O,Linux,4.6.3,4.4.4,pass,13647,0,49,0,80,0,50,0,[artifacts](https://github.com/esmf-org/esmf-test-artifacts/tree/540dd3856f96b2730b22351a7fd59444eb29f8a7/jedwards_pio_update2/cheyenne/intel/18.0.5/O/openmpi/3.1.4),2022-03-10 09:09:14.649371
jedwards_pio_update2,cheyenne,intel,18.0.5,openmpi,3.1.4,g,Linux,4.6.3,4.4.4,pass,13647,0,49,0,80,0,50,0,[artifacts](https://github.com/esmf-org/esmf-test-artifacts/tree/fb0cdf6b2ebb30b5172eca5d633c6d8d3204ff3d/jedwards_pio_update2/cheyenne/intel/18.0.5/g/openmpi/3.1.4),2022-03-10 09:09:14.649376
jedwards_pio_update2,discover,gfortran,10.1.0,intelmpi,19.1.3.304,O,Linux,N/A,N/A,pass,13632,15,49,0,80,0,50,0,[artifacts](https://github.com/esmf-org/esmf-test-artifacts/tree/31a6558eb14fc3bdf0e853d1dee8c9961b72cf78/jedwards_pio_update2/discover/gfortran/10.1.0/O/intelmpi/19.1.3.304),2022-03-10 06:12:22.485945
jedwards_pio_update2,discover,gfortran,10.1.0,intelmpi,19.1.3.304,O,Linux,N/A,N/A,pass,13632,15,49,0,80,0,50,0,[artifacts](https://github.com/esmf-org/esmf-test-artifacts/tree/9db2e930853820496e075978f79a1bb1a24fd354/jedwards_pio_update2/discover/gfortran/10.1.0/O/intelmpi/19.1.3.304),2022-03-10 09:11:55.862407
jedwards_pio_update2,discover,gfortran,10.1.0,intelmpi,19.1.3.304,g,Linux,N/A,N/A,pass,13632,15,49,0,80,0,50,0,[artifacts](https://github.com/esmf-org/esmf-test-artifacts/tree/4c03621e1a18aee359b47c1b1967b8db4460e44a/jedwards_pio_update2/discover/gfortran/10.1.0/g/intelmpi/19.1.3.304),2022-03-10 06:12:22.485967
jedwards_pio_update2,discover,gfortran,10.1.0,intelmpi,19.1.3.304,g,Linux,N/A,N/A,pass,13632,15,49,0,80,0,50,0,[artifacts](https://github.com/esmf-org/esmf-test-artifacts/tree/af9d3f771d239db894ba4255684c4bd194b3555d/jedwards_pio_update2/discover/gfortran/10.1.0/g/intelmpi/19.1.3.304),2022-03-10 09:11:55.862418
jedwards_pio_update2,discover,gfortran,8.3.0,intelmpi,19.1.3.304,O,Linux,N/A,N/A,pass,13632,15,49,0,80,0,50,0,[artifacts](https://github.com/esmf-org/esmf-test-artifacts/tree/29b09da163647247aa6c9d514aa95b53ba6fef17/jedwards_pio_update2/discover/gfortran/8.3.0/O/intelmpi/19.1.3.304),2022-03-10 05:12:10.008814
jedwards_pio_update2,discover,gfortran,8.3.0,intelmpi,19.1.3.304,O,Linux,N/A,N/A,pass,pending,pending,pending,pending,pending,pending,pending,pending,[artifacts](https://github.com/esmf-org/esmf-test-artifacts/tree/7846ee9b70484adb54c5815e963c435a3bd4d0e4/jedwards_pio_update2/discover/gfortran/8.3.0/O/intelmpi/19.1.3.304),2022-03-10 06:12:22.485950
jedwards_pio_update2,discover,gfortran,8.3.0,intelmpi,19.1.3.304,O,Linux,N/A,N/A,pass,13632,15,49,0,80,0,50,0,[artifacts](https://github.com/esmf-org/esmf-test-artifacts/tree/70248e846a4813f28a601673e89c84509cd921fe/jedwards_pio_update2/discover/gfortran/8.3.0/O/intelmpi/19.1.3.304),2022-03-10 09:11:55.862432
jedwards_pio_update2,discover,gfortran,8.3.0,intelmpi,19.1.3.304,g,Linux,N/A,N/A,pass,13632,15,49,0,80,0,50,0,[artifacts](https://github.com/esmf-org/esmf-test-artifacts/tree/6965fd7bb5b78661aa9984dd2e132358f2dc758e/jedwards_pio_update2/discover/gfortran/8.3.0/g/intelmpi/19.1.3.304),2022-03-10 06:12:22.485888
jedwards_pio_update2,discover,gfortran,8.3.0,intelmpi,19.1.3.304,g,Linux,N/A,N/A,pass,13632,15,49,0,80,0,50,0,[artifacts](https://github.com/esmf-org/esmf-test-artifacts/tree/ae30b8fd3b55a7a91d8f61a324a5811dc71537c3/jedwards_pio_update2/discover/gfortran/8.3.0/g/intelmpi/19.1.3.304),2022-03-10 09:11:55.862383
jedwards_pio_update2,discover,gfortran,8.3.0,mpiuni,none,O,Linux,N/A,N/A,pass,12121,0,8,0,43,0,0,50,[artifacts](https://github.com/esmf-org/esmf-test-artifacts/tree/4a45ebd61a45469f8b5ad0f5aa9e22e097398353/jedwards_pio_update2/discover/gfortran/8.3.0/O/mpiuni/none),2022-03-10 05:12:10.008857
jedwards_pio_update2,discover,gfortran,8.3.0,mpiuni,none,O,Linux,N/A,N/A,pass,pending,pending,pending,pending,pending,pending,pending,pending,[artifacts](https://github.com/esmf-org/esmf-test-artifacts/tree/202ce7ff81d485f9ac982054a4a1022ffed91123/jedwards_pio_update2/discover/gfortran/8.3.0/O/mpiuni/none),2022-03-10 06:12:22.485958
jedwards_pio_update2,discover,gfortran,8.3.0,mpiuni,none,O,Linux,N/A,N/A,pass,12121,0,8,0,43,0,0,50,[artifacts](https://github.com/esmf-org/esmf-test-artifacts/tree/e9f21929e76b1037b018810923e2215eaa692c34/jedwards_pio_update2/discover/gfortran/8.3.0/O/mpiuni/none),2022-03-10 09:11:55.862454
jedwards_pio_update2,discover,gfortran,8.3.0,mpiuni,none,g,Linux,N/A,N/A,pass,12121,0,8,0,43,0,0,50,[artifacts](https://github.com/esmf-org/esmf-test-artifacts/tree/559739c4c27eb7014d82d1012e60e46d86d51f7d/jedwards_pio_update2/discover/gfortran/8.3.0/g/mpiuni/none),2022-03-10 06:12:22.485932
jedwards_pio_update2,discover,gfortran,8.3.0,mpiuni,none,g,Linux,N/A,N/A,pass,12121,0,8,0,43,0,0,50,[artifacts](https://github.com/esmf-org/esmf-test-artifacts/tree/c7b35e024e2dce8752f3ad989b1c0c9b5c9e6f48/jedwards_pio_update2/discover/gfortran/8.3.0/g/mpiuni/none),2022-03-10 09:11:55.862427
jedwards_pio_update2,discover,gfortran,8.3.0,mpt,2.17,O,Linux,N/A,N/A,pass,13647,0,49,0,80,0,46,4,[artifacts](https://github.com/esmf-org/esmf-test-artifacts/tree/902598998ef225f659092de9e6738b011640c965/jedwards_pio_update2/discover/gfortran/8.3.0/O/mpt/2.17),2022-03-10 05:12:10.008848
jedwards_pio_update2,discover,gfortran,8.3.0,mpt,2.17,O,Linux,N/A,N/A,pass,pending,pending,pending,pending,pending,pending,pending,pending,[artifacts](https://github.com/esmf-org/esmf-test-artifacts/tree/d0110f5f14abce652239f6e0beab3baa5e708182/jedwards_pio_update2/discover/gfortran/8.3.0/O/mpt/2.17),2022-03-10 06:12:22.485972
jedwards_pio_update2,discover,gfortran,8.3.0,mpt,2.17,O,Linux,N/A,N/A,pass,13647,0,49,0,80,0,46,4,[artifacts](https://github.com/esmf-org/esmf-test-artifacts/tree/c1e4d22ccb142219ad1f7baf4fd1e89c6319bf99/jedwards_pio_update2/discover/gfortran/8.3.0/O/mpt/2.17),2022-03-10 09:11:55.862458
jedwards_pio_update2,discover,gfortran,8.3.0,mpt,2.17,g,Linux,N/A,N/A,pass,13647,0,49,0,80,0,46,4,[artifacts](https://github.com/esmf-org/esmf-test-artifacts/tree/1a2a6285e020548bda5423c4aee88910feeb6fe4/jedwards_pio_update2/discover/gfortran/8.3.0/g/mpt/2.17),2022-03-10 06:12:22.485941
jedwards_pio_update2,discover,gfortran,8.3.0,mpt,2.17,g,Linux,N/A,N/A,pass,13647,0,49,0,80,0,46,4,[artifacts](https://github.com/esmf-org/esmf-test-artifacts/tree/41dc43859ac418e84440be2b1042b20954fe1c8b/jedwards_pio_update2/discover/gfortran/8.3.0/g/mpt/2.17),2022-03-10 09:11:55.862463
jedwards_pio_update2,discover,intel,2020,intelmpi,19.1.3.304,O,Linux,4.8.0,4.5.4,pass,13647,0,49,0,80,0,50,0,[artifacts](https://github.com/esmf-org/esmf-test-artifacts/tree/30f936be9fbaa280ca6c44662623730b45e4efc6/jedwards_pio_update2/discover/intel/2020/O/intelmpi/19.1.3.304),2022-03-10 06:12:22.485914
jedwards_pio_update2,discover,intel,2020,intelmpi,19.1.3.304,O,Linux,4.8.0,4.5.4,pass,13647,0,49,0,80,0,50,0,[artifacts](https://github.com/esmf-org/esmf-test-artifacts/tree/a3ab11cb6e3f7b3a212e9f1e54de8311b5673611/jedwards_pio_update2/discover/intel/2020/O/intelmpi/19.1.3.304),2022-03-10 09:11:55.862441
jedwards_pio_update2,discover,intel,2020,intelmpi,19.1.3.304,g,Linux,4.8.0,4.5.4,pass,13647,0,49,0,80,0,50,0,[artifacts](https://github.com/esmf-org/esmf-test-artifacts/tree/0c810a11ab71305b382d6ca097ce3a05870f9c67/jedwards_pio_update2/discover/intel/2020/g/intelmpi/19.1.3.304),2022-03-10 06:12:22.485920
jedwards_pio_update2,discover,intel,2020,intelmpi,19.1.3.304,g,Linux,4.8.0,4.5.4,pass,13647,0,49,0,80,0,50,0,[artifacts](https://github.com/esmf-org/esmf-test-artifacts/tree/e1387db313b7b3a339c6555ec77347579c038478/jedwards_pio_update2/discover/intel/2020/g/intelmpi/19.1.3.304),2022-03-10 09:11:55.862414
jedwards_pio_update2,discover,intel,2020,mpt,2.17,O,Linux,4.8.0,4.5.4,fail,fail,fail,fail,fail,fail,fail,0,50,[artifacts](https://github.com/esmf-org/esmf-test-artifacts/tree/e98633f7051044027710e70da4094aa8e7fb912f/jedwards_pio_update2/discover/intel/2020/O/mpt/2.17),2022-03-10 05:12:10.008809
jedwards_pio_update2,discover,intel,2020,mpt,2.17,O,Linux,4.8.0,4.5.4,fail,fail,fail,fail,fail,fail,fail,0,50,[artifacts](https://github.com/esmf-org/esmf-test-artifacts/tree/10bed8aeb0ed710a4ea98e2dfe0228cae8664610/jedwards_pio_update2/discover/intel/2020/O/mpt/2.17),2022-03-10 09:11:55.862450
jedwards_pio_update2,discover,intel,2020,mpt,2.17,g,Linux,4.8.0,4.5.4,fail,fail,fail,fail,fail,fail,fail,0,50,[artifacts](https://github.com/esmf-org/esmf-test-artifacts/tree/1c8dd52409e39b878736f342618eecc29cc06006/jedwards_pio_update2/discover/intel/2020/g/mpt/2.17),2022-03-10 06:12:22.485936
jedwards_pio_update2,discover,intel,2020,mpt,2.17,g,Linux,4.8.0,4.5.4,fail,fail,fail,fail,fail,fail,fail,0,50,[artifacts](https://github.com/esmf-org/esmf-test-artifacts/tree/27cf487d5293c6bd7c74c4ec48f876c8b1561abc/jedwards_pio_update2/discover/intel/2020/g/mpt/2.17),2022-03-10 09:11:55.862422
jedwards_pio_update2,discover,pgi,2020,mpiuni,none,O,Linux,N/A,N/A,pass,11499,622,6,2,40,3,0,50,[artifacts](https://github.com/esmf-org/esmf-test-artifacts/tree/99f04e3aa72ec387f59806b1da7b3fe5de64572f/jedwards_pio_update2/discover/pgi/2020/O/mpiuni/none),2022-03-10 06:12:22.485954
jedwards_pio_update2,discover,pgi,2020,mpiuni,none,O,Linux,N/A,N/A,pass,11499,622,6,2,40,3,0,50,[artifacts](https://github.com/esmf-org/esmf-test-artifacts/tree/fa109eb1c27716bddd437141ca2d32c2bc569c35/jedwards_pio_update2/discover/pgi/2020/O/mpiuni/none),2022-03-10 09:11:55.862436
jedwards_pio_update2,discover,pgi,2020,mpiuni,none,g,Linux,N/A,N/A,pass,11499,622,4,4,40,3,0,50,[artifacts](https://github.com/esmf-org/esmf-test-artifacts/tree/3e1ac9938fd746d876cf52a06b2c5188b7a5404a/jedwards_pio_update2/discover/pgi/2020/g/mpiuni/none),2022-03-10 07:13:24.728789
jedwards_pio_update2,discover,pgi,2020,mpiuni,none,g,Linux,N/A,N/A,pass,pending,pending,pending,pending,pending,pending,pending,pending,[artifacts](https://github.com/esmf-org/esmf-test-artifacts/tree/e6e64239e9caa5977e0575e9a6cef0653fa0aa85/jedwards_pio_update2/discover/pgi/2020/g/mpiuni/none),2022-03-10 08:12:11.058807
jedwards_pio_update2,discover,pgi,2020,mpiuni,none,g,Linux,N/A,N/A,pass,11499,622,4,4,40,3,0,50,[artifacts](https://github.com/esmf-org/esmf-test-artifacts/tree/4daad493933acc7cf21ff567de60c5939046ad6a/jedwards_pio_update2/discover/pgi/2020/g/mpiuni/none),2022-03-10 09:11:55.862446
jedwards_pio_update2,gaea,gfortran,8.3.0,mpi,7.7.11,O,Unicos,4.6.3,4.4.5,pass,13646,1,49,0,80,0,47,3,[artifacts](https://github.com/esmf-org/esmf-test-artifacts/tree/762f5032e1d44e2d2451a3664a846795b4cc9aa5/jedwards_pio_update2/gaea/gfortran/8.3.0/O/mpi/7.7.11),2022-03-10 04:13:45.134966
jedwards_pio_update2,gaea,gfortran,8.3.0,mpi,7.7.11,O,Unicos,4.6.3,4.4.5,pass,pending,pending,pending,pending,pending,pending,pending,pending,[artifacts](https://github.com/esmf-org/esmf-test-artifacts/tree/7853da1fc32384763905a143d18322cc8d199f96/jedwards_pio_update2/gaea/gfortran/8.3.0/O/mpi/7.7.11),2022-03-10 05:13:44.498563
jedwards_pio_update2,gaea,gfortran,8.3.0,mpi,7.7.11,O,Unicos,4.6.3,4.4.5,pass,13646,1,49,0,80,0,47,3,[artifacts](https://github.com/esmf-org/esmf-test-artifacts/tree/72ddfd33c8ed6c63234200c1a3ad27c1594d4a9b/jedwards_pio_update2/gaea/gfortran/8.3.0/O/mpi/7.7.11),2022-03-10 08:13:48.592629
jedwards_pio_update2,gaea,gfortran,8.3.0,mpi,7.7.11,g,Unicos,4.6.3,4.4.5,pass,13646,1,49,0,80,0,47,3,[artifacts](https://github.com/esmf-org/esmf-test-artifacts/tree/9ea7258f3abb4abfae32f9464eb33d981db0c76c/jedwards_pio_update2/gaea/gfortran/8.3.0/g/mpi/7.7.11),2022-03-10 04:13:45.134984
jedwards_pio_update2,gaea,gfortran,8.3.0,mpi,7.7.11,g,Unicos,4.6.3,4.4.5,pass,pending,pending,pending,pending,pending,pending,pending,pending,[artifacts](https://github.com/esmf-org/esmf-test-artifacts/tree/77b2e7238b8095121850a963c6808c132054cc71/jedwards_pio_update2/gaea/gfortran/8.3.0/g/mpi/7.7.11),2022-03-10 06:14:02.126682
jedwards_pio_update2,gaea,gfortran,8.3.0,mpi,7.7.11,g,Unicos,4.6.3,4.4.5,pass,13646,1,49,0,80,0,47,3,[artifacts](https://github.com/esmf-org/esmf-test-artifacts/tree/f149610544cc91b452aa9c38e6bf778cfdd920bf/jedwards_pio_update2/gaea/gfortran/8.3.0/g/mpi/7.7.11),2022-03-10 08:13:48.592638
jedwards_pio_update2,gaea,gfortran,8.3.0,mpiuni,none,O,Unicos,4.6.3,4.4.5,pass,12121,0,8,0,43,0,0,50,[artifacts](https://github.com/esmf-org/esmf-test-artifacts/tree/37a21010058bd3b80c5e824bf4e86b9a64526791/jedwards_pio_update2/gaea/gfortran/8.3.0/O/mpiuni/none),2022-03-10 04:13:45.134988
jedwards_pio_update2,gaea,gfortran,8.3.0,mpiuni,none,O,Unicos,4.6.3,4.4.5,pass,pending,pending,pending,pending,pending,pending,pending,pending,[artifacts](https://github.com/esmf-org/esmf-test-artifacts/tree/c9e3d33c985a29be8a8ee1a0cc2fea2cd91d4805/jedwards_pio_update2/gaea/gfortran/8.3.0/O/mpiuni/none),2022-03-10 05:13:44.498585
jedwards_pio_update2,gaea,gfortran,8.3.0,mpiuni,none,O,Unicos,4.6.3,4.4.5,pass,12121,0,8,0,43,0,0,50,[artifacts](https://github.com/esmf-org/esmf-test-artifacts/tree/49f634f256ea557e39a8b87f4604923bef727986/jedwards_pio_update2/gaea/gfortran/8.3.0/O/mpiuni/none),2022-03-10 08:13:48.592624
jedwards_pio_update2,gaea,gfortran,8.3.0,mpiuni,none,g,Unicos,4.6.3,4.4.5,pass,12121,0,8,0,43,0,0,50,[artifacts](https://github.com/esmf-org/esmf-test-artifacts/tree/03ab90936eae3ab3fb6b893ff8568c3dcafa1db7/jedwards_pio_update2/gaea/gfortran/8.3.0/g/mpiuni/none),2022-03-10 04:13:45.134971
jedwards_pio_update2,gaea,gfortran,8.3.0,mpiuni,none,g,Unicos,4.6.3,4.4.5,pass,pending,pending,pending,pending,pending,pending,pending,pending,[artifacts](https://github.com/esmf-org/esmf-test-artifacts/tree/5d43405c17bd9079d68fff3dfb0f118ba5be1183/jedwards_pio_update2/gaea/gfortran/8.3.0/g/mpiuni/none),2022-03-10 06:14:02.126672
jedwards_pio_update2,gaea,gfortran,8.3.0,mpiuni,none,g,Unicos,4.6.3,4.4.5,pass,12121,0,8,0,43,0,0,50,[artifacts](https://github.com/esmf-org/esmf-test-artifacts/tree/27efae480d104fa06ce1ea95f23fbf26683b6c27/jedwards_pio_update2/gaea/gfortran/8.3.0/g/mpiuni/none),2022-03-10 08:13:48.592619
jedwards_pio_update2,gaea,intel,2019.5,mpi,7.7.11,O,Unicos,4.6.3,4.4.5,pass,pending,pending,pending,pending,pending,pending,pending,pending,[artifacts](https://github.com/esmf-org/esmf-test-artifacts/tree/45b56e54a4fd5222f0e5223f7887976e7d9b8c14/jedwards_pio_update2/gaea/intel/2019.5/O/mpi/7.7.11),2022-03-10 05:13:44.498509
jedwards_pio_update2,gaea,intel,2019.5,mpi,7.7.11,O,Unicos,4.6.3,4.4.5,pass,13632,15,49,0,80,0,47,3,[artifacts](https://github.com/esmf-org/esmf-test-artifacts/tree/e5f3048e9785a063182d7b04ba52e97b6efd9b59/jedwards_pio_update2/gaea/intel/2019.5/O/mpi/7.7.11),2022-03-10 08:13:48.592587
jedwards_pio_update2,gaea,intel,2019.5,mpi,7.7.11,g,Unicos,4.6.3,4.4.5,pass,pending,pending,pending,pending,pending,pending,pending,pending,[artifacts](https://github.com/esmf-org/esmf-test-artifacts/tree/fb9187e46bc92ca1f2142831d9d27f76f8fa74c1/jedwards_pio_update2/gaea/intel/2019.5/g/mpi/7.7.11),2022-03-10 05:13:44.498580
jedwards_pio_update2,gaea,intel,2019.5,mpi,7.7.11,g,Unicos,4.6.3,4.4.5,pass,13632,15,49,0,80,0,47,3,[artifacts](https://github.com/esmf-org/esmf-test-artifacts/tree/9f638156b6504e739d5a0330d5a0e7341851501e/jedwards_pio_update2/gaea/intel/2019.5/g/mpi/7.7.11),2022-03-10 08:13:48.592633
jedwards_pio_update2,gaea,intel,2019.5,mpiuni,none,O,Unicos,4.6.3,4.4.5,pass,12106,15,8,0,43,0,0,50,[artifacts](https://github.com/esmf-org/esmf-test-artifacts/tree/cc2fedc5376875976763fcdb9091fa13c19ce30a/jedwards_pio_update2/gaea/intel/2019.5/O/mpiuni/none),2022-03-10 04:13:45.134979
jedwards_pio_update2,gaea,intel,2019.5,mpiuni,none,O,Unicos,4.6.3,4.4.5,pass,pending,pending,pending,pending,pending,pending,pending,pending,[artifacts](https://github.com/esmf-org/esmf-test-artifacts/tree/034076f6a7fc61ac81bd19425e8531e43092ff61/jedwards_pio_update2/gaea/intel/2019.5/O/mpiuni/none),2022-03-10 05:13:44.498557
jedwards_pio_update2,gaea,intel,2019.5,mpiuni,none,O,Unicos,4.6.3,4.4.5,pass,12106,15,8,0,43,0,0,50,[artifacts](https://github.com/esmf-org/esmf-test-artifacts/tree/de125f62b296789fd3f8eaf8a6a45bfc0360c4b2/jedwards_pio_update2/gaea/intel/2019.5/O/mpiuni/none),2022-03-10 08:13:48.592643
jedwards_pio_update2,gaea,intel,2019.5,mpiuni,none,g,Unicos,4.6.3,4.4.5,pass,12106,15,8,0,43,0,0,50,[artifacts](https://github.com/esmf-org/esmf-test-artifacts/tree/4b4728822b8c8200bc85359b1bb5c638ebac27f7/jedwards_pio_update2/gaea/intel/2019.5/g/mpiuni/none),2022-03-10 04:13:45.134975
jedwards_pio_update2,gaea,intel,2019.5,mpiuni,none,g,Unicos,4.6.3,4.4.5,pass,pending,pending,pending,pending,pending,pending,pending,pending,[artifacts](https://github.com/esmf-org/esmf-test-artifacts/tree/541201eec265f1143ba8b9a618291eb454a70a7e/jedwards_pio_update2/gaea/intel/2019.5/g/mpiuni/none),2022-03-10 05:13:44.498569
jedwards_pio_update2,gaea,intel,2019.5,mpiuni,none,g,Unicos,4.6.3,4.4.5,pass,12106,15,8,0,43,0,0,50,[artifacts](https://github.com/esmf-org/esmf-test-artifacts/tree/82eb6617c957c70e1e7580b9b1b1d26719010c73/jedwards_pio_update2/gaea/intel/2019.5/g/mpiuni/none),2022-03-10 08:13:48.592613
jedwards_pio_update2,hera,gfortran,9.2.0,mpiuni,none,O,Linux,4.7.2,4.5.2,pass,12121,0,8,0,43,0,0,50,[artifacts](https://github.com/esmf-org/esmf-test-artifacts/tree/a8a5ab6f29f8d335ab8fd01d26f7923723fb9486/jedwards_pio_update2/hera/gfortran/9.2.0/O/mpiuni/none),2022-03-10 05:15:55.970879
jedwards_pio_update2,hera,gfortran,9.2.0,mpiuni,none,O,Linux,4.7.2,4.5.2,pass,pending,pending,pending,pending,pending,pending,pending,pending,[artifacts](https://github.com/esmf-org/esmf-test-artifacts/tree/6265f2176380518dbe7b51770b822b4840871a7c/jedwards_pio_update2/hera/gfortran/9.2.0/O/mpiuni/none),2022-03-10 06:16:19.296746
jedwards_pio_update2,hera,gfortran,9.2.0,mpiuni,none,O,Linux,4.7.2,4.5.2,pass,12121,0,8,0,43,0,0,50,[artifacts](https://github.com/esmf-org/esmf-test-artifacts/tree/6e29b3a548c59d2aa53f75bf3f4f069827aff547/jedwards_pio_update2/hera/gfortran/9.2.0/O/mpiuni/none),2022-03-10 08:16:15.033187
jedwards_pio_update2,hera,gfortran,9.2.0,mpiuni,none,g,Linux,4.7.2,4.5.2,pass,12121,0,8,0,43,0,0,50,[artifacts](https://github.com/esmf-org/esmf-test-artifacts/tree/a68fb8837b28c29c3fa4c3e7fcdbf2396372bc93/jedwards_pio_update2/hera/gfortran/9.2.0/g/mpiuni/none),2022-03-10 06:16:19.296757
jedwards_pio_update2,hera,gfortran,9.2.0,mpiuni,none,g,Linux,4.7.2,4.5.2,pass,12121,0,8,0,43,0,0,50,[artifacts](https://github.com/esmf-org/esmf-test-artifacts/tree/800f11f9d2ffa2336cf0611b6f5434ece9aed358/jedwards_pio_update2/hera/gfortran/9.2.0/g/mpiuni/none),2022-03-10 08:16:15.033164
jedwards_pio_update2,hera,gfortran,9.2.0,openmpi,3.1.4,O,Linux,4.7.2,4.5.2,fail,fail,fail,fail,fail,fail,fail,0,50,[artifacts](https://github.com/esmf-org/esmf-test-artifacts/tree/a2fdea00bc020bb04cb928c11f005481afb97adf/jedwards_pio_update2/hera/gfortran/9.2.0/O/openmpi/3.1.4),2022-03-10 05:15:55.970884
jedwards_pio_update2,hera,gfortran,9.2.0,openmpi,3.1.4,O,Linux,4.7.2,4.5.2,fail,fail,fail,fail,fail,fail,fail,0,50,[artifacts](https://github.com/esmf-org/esmf-test-artifacts/tree/2d194232b06a938e288dfd2f208f135adde9e7de/jedwards_pio_update2/hera/gfortran/9.2.0/O/openmpi/3.1.4),2022-03-10 08:16:15.033124
jedwards_pio_update2,hera,gfortran,9.2.0,openmpi,3.1.4,g,Linux,4.7.2,4.5.2,fail,fail,fail,fail,fail,fail,fail,0,50,[artifacts](https://github.com/esmf-org/esmf-test-artifacts/tree/56ad477ed7e5e30733419b89ab51781a03ed38be/jedwards_pio_update2/hera/gfortran/9.2.0/g/openmpi/3.1.4),2022-03-10 05:15:55.970901
jedwards_pio_update2,hera,gfortran,9.2.0,openmpi,3.1.4,g,Linux,4.7.2,4.5.2,fail,fail,fail,fail,fail,fail,fail,fail,fail,[artifacts](https://github.com/esmf-org/esmf-test-artifacts/tree/a3d2140c81af751dbcf297c34f129848282b2074/jedwards_pio_update2/hera/gfortran/9.2.0/g/openmpi/3.1.4),2022-03-10 06:16:19.296728
jedwards_pio_update2,hera,gfortran,9.2.0,openmpi,3.1.4,g,Linux,4.7.2,4.5.2,fail,fail,fail,fail,fail,fail,fail,0,50,[artifacts](https://github.com/esmf-org/esmf-test-artifacts/tree/85865f668a8f44cd4a8f7385932a38fc5a719cf7/jedwards_pio_update2/hera/gfortran/9.2.0/g/openmpi/3.1.4),2022-03-10 08:16:15.033170
jedwards_pio_update2,hera,gfortran,9.2.0b,intelmpi,2020,O,Linux,N/A,N/A,pass,0,8769,0,49,0,80,0,50,[artifacts](https://github.com/esmf-org/esmf-test-artifacts/tree/f069f99c8f07fe63b93900f9e78836b6c5ba7c07/jedwards_pio_update2/hera/gfortran/9.2.0b/O/intelmpi/2020),2022-03-10 05:15:55.970906
jedwards_pio_update2,hera,gfortran,9.2.0b,intelmpi,2020,O,Linux,N/A,N/A,pass,pending,pending,pending,pending,pending,pending,pending,pending,[artifacts](https://github.com/esmf-org/esmf-test-artifacts/tree/99cbfa3848f0fb5a0f7ae5613e90ef3208b68b61/jedwards_pio_update2/hera/gfortran/9.2.0b/O/intelmpi/2020),2022-03-10 06:16:19.296765
jedwards_pio_update2,hera,gfortran,9.2.0b,intelmpi,2020,O,Linux,N/A,N/A,pass,0,8769,0,49,0,80,0,50,[artifacts](https://github.com/esmf-org/esmf-test-artifacts/tree/2c7a85162bb0c7524fc270e48b94b73752178bbd/jedwards_pio_update2/hera/gfortran/9.2.0b/O/intelmpi/2020),2022-03-10 08:16:15.033176
jedwards_pio_update2,hera,gfortran,9.2.0b,intelmpi,2020,g,Linux,N/A,N/A,pass,0,8769,0,49,0,80,0,50,[artifacts](https://github.com/esmf-org/esmf-test-artifacts/tree/5e3c7b1108fa602235d83f51d68b3cb8da6891bd/jedwards_pio_update2/hera/gfortran/9.2.0b/g/intelmpi/2020),2022-03-10 06:16:19.296770
jedwards_pio_update2,hera,gfortran,9.2.0b,intelmpi,2020,g,Linux,N/A,N/A,pass,0,8769,0,49,0,80,0,50,[artifacts](https://github.com/esmf-org/esmf-test-artifacts/tree/0ad07a29566fe5936f16d923cb2602669ff9aed6/jedwards_pio_update2/hera/gfortran/9.2.0b/g/intelmpi/2020),2022-03-10 08:16:15.033192
jedwards_pio_update2,hera,intel,18.0.4,intelmpi,2018.4.274,O,Linux,4.7.0,4.4.5,fail,fail,fail,fail,fail,fail,fail,0,50,[artifacts](https://github.com/esmf-org/esmf-test-artifacts/tree/5fd4348152f7bc416cba0e3d56a3810e11884dc0/jedwards_pio_update2/hera/intel/18.0.4/O/intelmpi/2018.4.274),2022-03-10 05:15:55.970890
jedwards_pio_update2,hera,intel,18.0.4,intelmpi,2018.4.274,O,Linux,4.7.0,4.4.5,fail,fail,fail,fail,fail,fail,fail,0,50,[artifacts](https://github.com/esmf-org/esmf-test-artifacts/tree/7b494be5b0d1583bcccfe18ce76637d134605d2a/jedwards_pio_update2/hera/intel/18.0.4/O/intelmpi/2018.4.274),2022-03-10 08:16:15.033182
jedwards_pio_update2,hera,intel,18.0.4,intelmpi,2018.4.274,g,Linux,4.7.0,4.4.5,fail,fail,fail,fail,fail,fail,fail,0,50,[artifacts](https://github.com/esmf-org/esmf-test-artifacts/tree/7e3dbc27c64a967acf334b8135cdfbdc6f78d38c/jedwards_pio_update2/hera/intel/18.0.4/g/intelmpi/2018.4.274),2022-03-10 05:15:55.970921
jedwards_pio_update2,hera,intel,18.0.4,intelmpi,2018.4.274,g,Linux,4.7.0,4.4.5,fail,fail,fail,fail,fail,fail,fail,0,50,[artifacts](https://github.com/esmf-org/esmf-test-artifacts/tree/d596ddc4ea44a1cbb777ed1fcb8d343e0327f138/jedwards_pio_update2/hera/intel/18.0.4/g/intelmpi/2018.4.274),2022-03-10 08:16:15.033197
jedwards_pio_update2,hera,intel,18.0.4,mpiuni,none,O,Linux,4.7.0,4.4.5,pass,12121,0,8,0,43,0,0,50,[artifacts](https://github.com/esmf-org/esmf-test-artifacts/tree/6e082de954e91633b6f3f17a3e8b884e9e197f6b/jedwards_pio_update2/hera/intel/18.0.4/O/mpiuni/none),2022-03-10 05:15:55.970911
jedwards_pio_update2,hera,intel,18.0.4,mpiuni,none,O,Linux,4.7.0,4.4.5,pass,pending,pending,pending,pending,pending,pending,pending,pending,[artifacts](https://github.com/esmf-org/esmf-test-artifacts/tree/f8e99c9bc186e3620c12b5c38a2def922220e652/jedwards_pio_update2/hera/intel/18.0.4/O/mpiuni/none),2022-03-10 06:16:19.296734
jedwards_pio_update2,hera,intel,18.0.4,mpiuni,none,O,Linux,4.7.0,4.4.5,pass,12121,0,8,0,43,0,0,50,[artifacts](https://github.com/esmf-org/esmf-test-artifacts/tree/685a679f526d38d6f798f157e53cf6131072c091/jedwards_pio_update2/hera/intel/18.0.4/O/mpiuni/none),2022-03-10 08:16:15.033156
jedwards_pio_update2,hera,intel,18.0.4,mpiuni,none,g,Linux,4.7.0,4.4.5,pass,12121,0,8,0,43,0,0,50,[artifacts](https://github.com/esmf-org/esmf-test-artifacts/tree/74f2135129087be4f2610053ce4577269c41839b/jedwards_pio_update2/hera/intel/18.0.4/g/mpiuni/none),2022-03-10 06:16:19.296703
jedwards_pio_update2,hera,intel,18.0.4,mpiuni,none,g,Linux,4.7.0,4.4.5,pass,12121,0,8,0,43,0,0,50,[artifacts](https://github.com/esmf-org/esmf-test-artifacts/tree/076d35dc0eb74ef91ff340d7f0c9f93032143429/jedwards_pio_update2/hera/intel/18.0.4/g/mpiuni/none),2022-03-10 08:16:15.033208
jedwards_pio_update2,hera,pgi,18.1,intelmpi,2018.0.4,O,Linux,N/A,N/A,fail,fail,fail,fail,fail,fail,fail,0,50,[artifacts](https://github.com/esmf-org/esmf-test-artifacts/tree/73b1e5a15de6245573ebc0c9baa460a10692e036/jedwards_pio_update2/hera/pgi/18.1/O/intelmpi/2018.0.4),2022-03-10 07:17:29.227455
jedwards_pio_update2,hera,pgi,18.1,intelmpi,2018.0.4,O,Linux,N/A,N/A,fail,fail,fail,fail,fail,fail,fail,0,50,[artifacts](https://github.com/esmf-org/esmf-test-artifacts/tree/2381d9528eb1fd2f03306eef0d9ff4c70998d948/jedwards_pio_update2/hera/pgi/18.1/O/intelmpi/2018.0.4),2022-03-10 08:16:15.033202
jedwards_pio_update2,hera,pgi,18.1,intelmpi,2018.0.4,g,Linux,N/A,N/A,fail,fail,fail,fail,fail,fail,fail,0,50,[artifacts](https://github.com/esmf-org/esmf-test-artifacts/tree/282178186a5895d501ed68606bd471fafabe403f/jedwards_pio_update2/hera/pgi/18.1/g/intelmpi/2018.0.4),2022-03-10 07:17:29.227479
jedwards_pio_update2,hera,pgi,18.1,intelmpi,2018.0.4,g,Linux,N/A,N/A,fail,fail,fail,fail,fail,fail,fail,fail,fail,[artifacts](https://github.com/esmf-org/esmf-test-artifacts/tree/8186e05670e57c7478c4cc80f75adf2e422fc2e5/jedwards_pio_update2/hera/pgi/18.1/g/intelmpi/2018.0.4),2022-03-10 08:16:15.033213
